Question,Labels
Who was elected as the new Prime Minister of Tonga, securing 16 votes in parliament, following the resignation of Siaosi Sovaleni?,Appointment,International
Who is Bharati Kolli, and why was she recognised in the 'Rising Star Women Leaders Of Banking' for 2024?,Banking,General
Which bank launched the financial products 'Peak' and 'Genius'?,Banking
On December 6, which festival, inaugurated by the Prime Minister, showcased Northeast India's arts, crafts, and traditions?,National,Inauguration
What is the recent development regarding the slogan 'Joy Bangla' in Bangladesh?,International
Where were the nearly intact remains of a 50,000 year old juvenile mammoth discovered in December 2024?,General
Who was recently appointed as the Secretary of the Department of Revenue, Ministry of Finance in December 2024?,Appointment
Which three Indians have been featured in Forbes' 2024 list of the World's 100 Most Powerful Women?,Index and ranking
What is the purpose of the MoU to be signed between the National Minorities Development and Finance Corporation (NMDFC) and the Dalit Indian Chamber of Commerce and Industry (DICCI)?,National,MoU
Which visionary leader, known for steering Suzuki Motor for over 40 years and expanding its presence in India, passed away at the age of 94?,Obituary
Which department is developing the National Legal Metrology Portal (eMaap) to centralize legal metrology processes and enhance consumer protection?,National
Which drug is being developed to treat multi-resistant HIV and expected to play a preventive role in 'poorest' countries?,Science and Tech,General
What was the total amount processed by UPI in October 2024?,Economy
Which peak did Kaamya Karthikeyan summit to complete the Seven Summits Challenge, becoming the youngest female to do so?,Sports,General
What is the new per-transaction limit for UPI Lite as revised by the RBI in December 2024?,Banking
Where was India's first bio-bitumen highway inaugurated?,National,Inauguration
What is the name of the portal developed by the Department of Telecommunications to empower citizens against fraud communications and unsolicited commercial communications?,Science and Tech,National
Which country is the theme country at the 30th Kolkata International Film Festival (KIFF) 2024?,International,Book and art
Where did the inaugural India-Cambodia Joint Table Top Exercise CINBAX take place in December 2024?,International
By what percentage did India's FDI inflows increase during April-September 2024 compared to the same period last year?,Economy
What improvement in the Sex Ratio at Birth (SRB) of the girl child in India has been recorded under the Beti Bachao Beti Padhao scheme between 2014-15 and 2023-24?,National
What new feature is the EPFO set to launch for its subscribers in January 2025?,Banking
Which position does India hold in the global pharmaceutical market by volume? (December 2024),Index and ranking
Who was crowned the 'Spell Master of India' in SBI Life Spell Bee Season 14?,Awards
Which organization developed the Indian Light Tank (ILT) that recently achieved a milestone by firing rounds at a high altitude of over 4200m?,Defence
Which award will Taika Waititi receive at the 36th Producers Guild of America Awards?,Awards
Which indigenous UAV, delivered by Adani Defence, is equipped with NATO's STANAG 4671 certification and provides 36 hours of endurance?,Defence
Who has been appointed as India's doubles badminton coach, marking his return to the country in December 2024?,Appointment,Sports
What is the tenure of the Pension Fund Regulatory and Development Authority (PFRDA) chairman?,Banking
With which country is India conducting the 4th edition of the joint military exercise HARIMAU SHAKTI in December 2024?,International,National
Under which scheme has the Central Board of Direct Taxes launched the electronic campaign to address mismatches in income and transactions?,National
Which country unveiled the new stealth fighter jet, the J-36, which has raised alarms globally, particularly in the Indo-Pacific region?,International
In which state is the Adani Krishnapatnam Port, which has been granted permission to import petroleum by sea from August 28, 2024, to March 1, 2026, located?,National
Who set a new national record in the women's Skeet event at the 67th National Shooting Championship?,Sports
Which bank has partnered with UNICEF to promote Disaster Resilient Communities and Climate Risk-Informed Administrative Systems?,Banking
By how many basis points has the Reserve Bank of India (RBI) reduced the Cash Reserve Ratio (CRR) in December 2024?,Banking,Economy
Which initiative was launched to promote Indian Sign Language (ISL) as a language and a subject?,National
Which traditional Bosnian love song, dating back to the 16th century and blending South Slavic oral poetry with Ottoman musical influences, was recently added to UNESCO's Representative List of the Intangible Cultural Heritage of Humanity?,International
Which state in India received a $188.28 million loan from the World Bank to boost economic growth in backward districts?,Economy,National
The European Free Trade Association (EFTA) comprise of which of the following group of nations?,International
What is the ranking of the Indian Men's Hockey Team in the FIH World Rankings for December 2024?,Index and ranking,Sports
The Linen Inspection and Sorting Assistant (LISA) system is an initiative of which organization?,National
Which NASA mission recently made a historic close approach to the Sun at a distance of 6.1 million kilometers?,International
What were the key contributions of S. M. Krishna to Indian politics, and which prestigious award was he honored with in 2023?,Awards
Which country declared the end of the Marburg virus outbreak after no new cases were reported in a 42-day observation period?,International
Which initiative was launched by Dr. Jitendra Singh on Good Governance Day to strengthen Panchayati Raj Institutions?,National
Which Nvidia device is known for revolutionizing AI at the edge with 67 TOPS performance and support for advanced AI models like vision transformers and large language models?,Science and Tech
Who has taken over as the President of the Asian Cricket Council (ACC)?,Appointment
Which group, known for leading the Syrian rebels, declared Damascus 'liberated' and announced the end of Bashar al-Assad's government...?,International
Where is the 2024 Asian Youth and Junior Weightlifting Championships being held?,International,Sports
On which occasion will the government launch the Jago Grahak Jago App and Jagriti App to enhance consumer safety?,National
What is the new limit for collateral-free loans for agricultural farmers, as announced by the Reserve Bank of India (RBI)?,Banking
Which type of banks have been permitted by RBI to provide pre-sanctioned credit lines through UPI, as announced by Governor Shaktikanta Das?,Banking
What is the name of the AI tool launched by the Reserve Bank of India (RBI) Innovation Hub (RBIH) to detect and flag mule bank accounts involved in illicit financial activities?,Banking,Science and Tech
What is the name of the new benchmark interest rate developed by the Reserve Bank of India (RBI) for the interest rate derivatives market?,Banking
What is the name of the feature launched by Paytm to streamline small, frequent transactions for users?,Banking
What is the name of the special savings account introduced by Federal Bank for senior citizens aged 55 and above?,Banking
What are the MSME lending initiatives announced by Bank of Baroda and Canara Bank?,Banking
What is the name of the women-centric savings account launched by Axis Bank?,Banking
What is the name of the initiative launched by Federal Bank to educate school children on life skills through traditional art forms?,Banking
Under which section of the SEBI Act, 1992, does the Securities and Exchange Board of India (SEBI) have the authority to protect investor interests and regulate the securities market?,Banking
HSBC India has launched HSBC Privé, an exclusive credit card. Who is this card specifically designed for?,Banking
As of now ( Nov 24 ) , how many accounts have been opened under the Pradhan Mantri Jan Dhan Yojana (PMJDY), and how many of them are inoperative?,National
Canara Bank has launched a two-day nationwide Credit Outreach program to support the growth of Micro, Small, and Medium Enterprises (MSMEs). How many MSME clusters were covered by Canara Bank’s Nationwide Credit Outreach Program?,Banking
Which General Insurance Company has collaborated with the Child Rights and You (CRY) organization to empower education for marginalized communities in Andhra Pradesh?,Banking
What is the loan amount sanctioned by the Asian Development Bank (ADB) for Amaravati’s development?,Banking
Which organization has partnered with HSBC to provide funding for trade transactions worth up to $1 billion, to bridge the funding gap for emerging market trade?,Banking
Rhino reintroduction efforts have gained momentum in which wildlife sanctuary in Arunachal Pradesh?,National
Where was the 10th World Ayurveda Congress and Arogya Expo inaugurated?,Inauguration
Which city set a Guinness World Record with 5,000 Acharyas reciting Gita verses?,Index and ranking
Which Chief Minister launched the Mukhyamantri Paushtik Alpahar Yojana to provide nutritious snacks to students?,State
On which date will Rajasthan observe Pravasi Rajasthani Diwas every year?,State
Which famous lake in Maharashtra is being proposed for inclusion in the UNESCO World Heritage Sites list?,State
What is the name of the women-exclusive bike taxi service launched by Uber in Bengaluru?,State
Who has become the youngest bowler to take 100 wickets in all three formats of cricket?,Sports
Who became the first woman cricketer to score four ODI centuries in a calendar year?,Sports
Which platform under Prasar Bharati will provide the live broadcast of the Hockey India League 2024-25?,Sports
Who has been appointed as the new fielding coach for Mumbai Indians ahead of IPL 2025?,Sports
In a significant step toward bolstering India’s defence capabilities and promoting the ‘Aatmanirbhar Bharat’ initiative, the Ministry of Defence (MoD) has signed a contract with Hindustan Aeronautics Ltd (HAL) for the procurement of 12 Su-30MKI aircraft. What is the percentage of homegrown content in the Su-30MKI aircraft being procured?,Defence
Which company has secured ₹136-crore contract to supply indigenously designed High Mobility Vehicles (HMVs) 8×8?,Defence
Who has won the Formula One Abu Dhabi Grand Prix 2024?,Sports
The 2027 Women’s World Cup in Brazil will be played from June 24 to July 25, FIFA, soccer’s international governing body announced. How many teams will participate in the 2027 Women’s World Cup?,Sports
Which countries will jointly host the 2030 FIFA World Cup?,Sports,International
Who has won the BWF Super 100 Guwahati Masters 2024 badminton singles title?,Sports
Which team has won the 11th ACC U19 Men’s Asia Cup Final in Dubai?,Sports
The Russian-built multi-role stealth-guided missile frigate INS Tushil was commissioned into the Indian Navy at the Yantar Shipyard in Kaliningrad, Russia. What is unique about the construction of INS Tushil?,Defence
In December 2024, what is the name of the unmanned surface vessel handed over by GRSE to DRDO?,Defence
Which rocket was used by the Indian Space Research Organization (ISRO) to launch the European Space Agency’s Probe 3 spacecraft?,Economy
Which country has approved a possible $1.17 billion deal to sell India support equipment for MH-60R multi-role helicopters under its Foreign Military Sales programme?,Defence
Who has launched the Pragati Savings Account to cater to the banking needs of rural and semi-urban residents in India?,Banking
What is India’s total external debt in 2023, as per the World Bank International Debt Report?,National,International,Banking
Which mutual fund company launched the Quant Fund, an open-ended equity scheme based on a quant-based investing approach?,Banking
With which general insurance company has Mahindra Finance signed a strategic corporate agency agreement?,Banking
As of October 31, 2024, how many accounts have been opened under the Mahila Samman Savings Certificate Scheme?,Banking
What was the growth rate of bank credit to NBFCs in October 2024 compared to the same period last year?,Banking
Which organization has Razorpay collaborated with to enhance the security of India's digital payments ecosystem?,Banking
What is the purpose of the nation-wide drive launched by State Bank of India (SBI)?,Banking
How much has India contributed to the BRICS New Development Bank (NDB), and how much has been loaned for externally aided projects in areas like transportation?,Banking
Which company has had the restrictions imposed by the Reserve Bank of India (RBI) lifted, led by Sachin Bansal?,Banking
Which two companies have ended their co-branded credit cards partnership?,Banking
How much does Bank of India (BoI) plan to raise through the issuance of infrastructure bonds?,Banking
What is the main goal of the partnership between Mahindra Finance and Magma HDI General Insurance?,Banking
What significant milestone has SBI Card recently achieved?,Banking
What initiative has the Reserve Bank of India (RBI), led by Governor Shaktikanta Das, announced to enhance public communication and financial literacy?,Banking
What new facility has the Reserve Bank of India (RBI) enabled for Small Finance Banks?,Banking
Who is set to introduce the Banking Laws (Amendment) Bill, 2024 in the Lok Sabha?,Banking
Which prestigious award has Indian environmentalist Madhav Gadgil received in 2024?,Awards
Which state was awarded the Geographical Indication (GI) tag for its traditional handicraft, 'Gharchola,' known for its intricate designs and cultural motifs?,Awards,State
Israel approved a $11.13 million plan to expand settlements in the ___________, citing border security concerns after Syria's Assad regime's fall.,Defence
Who was awarded the Indian Film Personality of the Year at the 55th International Film Festival of India (IFFI)?,Awards,Book and art
What is the gross direct tax collection for 2024-25 as of December 17?,Economy
By which name was Tulsi Gowda, the renowned environmentalist who recently passed away, popularly known?,Obituary
From which sector did the Government withdraw the windfall tax as announced in December 2024?,Economy
Who was crowned Miss India USA 2024 at the event held in New Jersey?,Awards
Who was awarded the Indira Gandhi Prize for Peace, Disarmament, and Development 2024?,Awards
How many children received the Pradhan Mantri Rashtriya Bal Puraskar from President Murmu in December 2024?,National
Which word was named Oxford Word of the Year 2024?,International
Which of the following Central Armed Police Forces celebrated its 60th raising day in December 2024?,National
The Indian Navy's latest survey ship, Nirdeshak, will be commissioned at which location?,Defence
What is the primary age group targeted by HDFC SKY's newly launched Youth Plan?,Banking
Who posthumously honored Dr. Vishakha Tripathi Ji with the Lifetime Achievement Award for her extraordinary service to humanity?,Awards
Who did Anahat Singh defeat in the final to win her 9th PSA Challenger title at the Western India Slam 2024?,Sports
Where is the Gympie-Gympie plant, the World's Most Toxic Plant, scientifically known as Dendrocnide moroides, native to?,International
Where will the 2025 Para Athletics World Championships be hosted in India?,National,Sports
Which country is set to allow visa-free entry for Indian tourists starting March 2025?,International
M.D.R Ramachandran, who recently passed away, was the Chief Minister of which State/Union Territory?,Obituary
Who has been appointed as the new CEO of DBS Bank India, effective March 1, 2025?,Appointment,Banking
SheSTEM 2024, an initiative of the India-Nordic BEST project, focused on which key area for energy solutions?,National
The Tikhir Tribe, which held its first-ever Log Drum Pulling Ceremony during the 25th Hornbill Festival 2024, is indigenous to which Indian state?,State
Which bird was officially declared the national bird of the United States, symbolizing American strength and freedom since 1782?,International
Which of the following organization has adopted 02 December as the International Day for the Abolition of Slavery?,International
According to the India State of Forest Report 2023, by how much has India's forest cover increased since 2021?,National
Which organization signed an agreement with Silizium Circuits Pvt Ltd for the "Design and Development of LEO Satellite Components and GNSS RF Front End ASIC"?,Science and Tech,MoU
What was the reason for the RBI imposing penalties on Manappuram Finance and IndusInd Bank?,Banking
In the World Chess Championship Game 14, GM D. Gukesh became the youngest World Chess Champion, surpassing the record of __________.,Sports
Who was awarded the Jamsetji Tata Award for pioneering the biosciences movement in India?,Awards
Who has been appointed as the new Chairperson of the National Human Rights Commission (NHRC) in December 2024?,Appointment
Who has been appointed as the new Managing Director (MD) and Chief Executive Officer (CEO) of J&K Bank, effective December 30, 2024?,Appointment
Which of the following payment systems saw a growth in transaction volume in November compared to October 2024?,Banking
Which country did INS Sarvekshak conduct a joint hydrographic survey with, focusing on maritime infrastructure, resource management, and coastal planning?,Defence
Who has been appointed as the new Chairperson of NABL, succeeding Prof. Subbanna Ayyappan?,Appointment
India received the ISSA Good Practice Award for Asia-Pacific 2024 for which purpose?,Awards
The International Gita Mahotsav 2024 was inaugurated in which Indian state?,State
Who became the shortest-serving Prime Minister in the history of the French Fifth Republic after being defeated in a confidence vote in December 2024?,International
Which company won two awards at the 3rd PSU Transformation Awards 2024 for Innovative Product Development and Technology Adoption?,Awards
India has surpassed $1 trillion in Foreign Direct Investment (FDI) from April 2000 to September 2024. How much of this FDI has been recorded since 2014, reflecting a 119% increase over the previous decade?,National,Economy
According to the recent United Nations report on drylands, what percentage of Earth's land has become drier over the last 30 years?,International
Which Union Minister recently unveiled the Anna Chakra, designed to optimize logistics under the Public Distribution System (PDS) and the SCAN Portal, which automates subsidy claim submissions and settlements under the National Food Security Act (NFSA) for faster processing?,National
Which organization approved a grant of 25.45 million US dollars to the Solomon Islands for the development of sustainable water supply and sanitation services?,Banking
What mandate has the RBI issued regarding RTGS and NEFT transactions by April 1, 2025?,Banking
Which position did IIT Kharagpur secure in India in the QS World University Rankings Sustainability 2025?,Index and ranking
Parliament passed the Bharatiya Vayuyan Vidheyak 2024. Which old act does the Bharatiya Vayuyan Vidheyak 2024 replace?,National
What is the name of India's first indigenous macrolide antibiotic, which aims to address antimicrobial resistance (AMR)?,Science and Tech,National
Who will receive the Lifetime Achievement Award at the 77th Annual Directors Guild of America (DGA) Awards, and what makes their contributions significant?,Awards
What is the title of Lt Gen Kanwal Jeet Singh Dhillon's debut book that won the Crossword Books Award?,Book and art
What is the capital of Nicaragua, where India and Nicaragua recently signed an MoU for Quick Impact Projects?,International,MoU
Which researcher from the Zoological Survey of India (ZSI) is credited with discovering the new species of pangolin, named the Indo-Burmese pangolin (Manis indoburmanica), in Arunachal Pradesh?,National,Awards
Which organization signed an MoU with REMC Limited to explore financing options for power projects for Railways?,MoU
Which ministry launched the 'e-student visa' and 'e-student-x visa' for foreign students on January 5, 2025?,National
What is the name of the Maldives' Minister of Foreign Affairs who made an official visit to India from 2nd January to 4th January 2025?,International
Which department organized the workshop on the National Anubhav Awards Scheme, 2025?,National
The RBI's stricter regulatory oversight for Housing Finance Companies (HFCs) includes reducing the ceiling on public deposits HFCs can borrow to ________ of their net-owned funds.,Banking
Which telecom company has launched the IFTV platform in partnership with Skypro and PlayboxTV for offering over 550 Live TV channels and premium OTT apps in India?,National
India's first underwater metro tunnel, inaugurated in 2024, is located in which city?,Inauguration,National
When is the RBI's beneficiary account name look-up facility for RTGS and NEFT expected to be implemented?,Banking
Who leads the ICC Men's T20I Team of the Year?,Sports
The RBI's Report on Trend and Progress of Banking in India 2023-24 highlighted that the Gross Non-Performing Assets (GNPA) ratio declined to ________, the lowest in 13 years, by March 2024.,Banking
What is the primary objective of the 9th Swachh Survekshan Toolkit and Super Swachh League launched by Union Minister Manohar Lal?,National
Who has been named the ICC Men's ODI Cricketer of the Year 2024?,Awards,Sports
Which institute developed bacteria to combat soil pollution by consuming toxic pollutants and producing plant-friendly nutrients?,Science and Tech
Which of the following is not one of the four key pillars evaluated in the recently unveiled LEADS 2024 Report?,Index and ranking
Who has been appointed as the Chief Executive Officer (CEO) of the Unique Identification Authority of India (UIDAI) with effect from January 2, 2025?,Appointment
Who has been appointed as the executive director of Dhanlaxmi Bank for a term of three years in January 2025?,Appointment
The hypersonic missile powered by a scramjet engine will travel above what speed?,Defence
What rank did India achieve in the QS Future Skills Index 2025 for job market preparedness?,Index and ranking
World Braille Day is celebrated to mark the birthday of Louis Braille, the inventor of Braille system for the blind, on?,International
Who has been appointed as the Director General (D-G) of the Central Reserve Police Force (CRPF) in January 2025?,Appointment
What is the name of CheQ's newly launched India's first AI-powered tool for credit card management?,Banking
Which country introduced a 1% tourist tax on lodging costs to support tourism infrastructure starting January 1, 2025?,International
What is the name of the special exercise started by BSF to thwart infiltration attempts during winter on the Indo-Pak border in Jaisalmer?,Defence
In December 2024, the total value of UPI transactions reached a record high of ________, marking a 39.2% year-on-year growth in volume.,Economy
Who recently assumed command of the Indian Air Force's Western Air Command? (January 2025),Appointment
Which Latin-American country declared a 60-day state of emergency in seven provinces due to rising crime and organized armed groups in January 2025?,International
Which Indian company partnered with ESAF Small Finance Bank to offer vehicle financing solutions?,Banking
India's space economy, currently at 8 billion dollars, is projected to grow to how many billion dollars in the next 10 years?,Economy
Which countries began assuming responsibilities as non-permanent members of the United Nations Security Council for two-year term?,International
Which satellite constellation launched by Pixxel Space is India's first private constellation for hyper-spectral imaging?,Economy
According to the Logistics Ease Across Different States (LEADS) Report 2024, which of the following states is categorized under Fast Movers in the Coastal States category?,State
Which state signed MoUs worth ₹38,750 crore at the World Economic Forum in Davos?,State,MoU
Where was the 21st Third Eye Asian Film Festival held, which screened 61 films from across Asia?,Obituary,International
Who serves as the convener of the Island Development Agency (IDA), which was constituted by the Home Ministry in 2017 to promote sustainable development of the islands of India?,National
Which schemes has the Union Cabinet approved the continuation of until 2025-26 with a ₹69,515.71 crore outlay?,National
Who won the Dronacharya Award for outstanding coaches in Sports and Games 2024 in the Regular Category for Hockey?,Awards
Which university was honored with the prestigious MAKA Trophy 2024 and had a student, Sanjay Kumar, receive the Arjuna Award for hockey?,Awards
Which former Indian hockey player received the Padma Bhushan award on the eve of the 76th Republic Day?,Awards
Christine Carla Kangaloo, President of _________, was awarded the Pravasi Bharatiya Samman Award 2025.,Awards
Who is the recipient of the Major Dhyan Chand Khel Ratna Award 2024 for his outstanding contribution to sports?,Awards
Who was crowned the ICC Women's ODI Cricketer of the Year for 2024?,Awards
According to Nomura's forecast on January 3, 2025, what is the projected GDP growth rate for India in the Financial Year 2024-25 (FY25)?,Economy
Which Indian cricketers were included in the ICC Women's ODI Team of the Year 2024?,Sports
Who was awarded the JC Daniel Award 2023 for lifetime contributions to Malayalam cinema, and what are some of his notable achievements?,Awards
What is the age bracket for women eligible for the recently launched Bima Sakhi Yojana?,National
What is the name of the affordable cafe initiative launched by the Ministry of Civil Aviation at airports and managed by the Airports Authority of India?,National
Who won the first-ever medal for India in the Asian Esports Games 2024?,Sports
Which country has been confirmed as the host for the 2034 FIFA World Cup?,Sports,International
Who won the gold medal in the 25m women's pistol event at the National Shooting Championships?,Awards,Sports
Which country is set to launch a free mRNA cancer vaccine in 2025?,International
Who clinched their first national title in the men's 25m rapid-fire pistol event at the 67th National Shooting Championship Competitions?,Sports
Which activity was excluded from the 18th Chitwan Elephant and Tourism Festival due to animal rights concerns?,Sports
Which mechanism was established between India and Kuwait in December, 2024 to enhance bilateral cooperation?,International
Who secured three gold medals in women's air pistol at the 67th National Shooting Championship?,Sports
Which Indian Grandmaster recently advanced to the quarterfinals of the World Blitz Championship with a score of 9.5 out of 11 games?,Sports
Which Indian bowler recently equaled the record ICC rating of 904 in Men's Test Bowling Rankings in December 2024?,Sports
Where is Mayotte, which was severely impacted by Cyclone Chido?,International
In the 11th Men's Hockey Junior Asia Cup 2024 final, which team did India defeat to win the title?,Sports
Where has the Indian Army launched its Artificial Intelligence Incubation Centre (IAAIIC)?,National
Which Indian state declared the Maha Kumbh Mela area as a new district in December 2024?,State
How much loan did the World Bank approve for Amaravati's Integrated Urban Development Program?,Banking
Which UN organization has recognized six environmental leaders with the 2024 Champions of the Earth award for their efforts in tackling land degradation, drought, and desertification?,Banking
What is the theme of the 4th National Conference of Chief Secretaries held in New Delhi?,National
Which country has secured seven key positions in the interim organizational structure of the new Asian body formed by World Boxing, including a board member role for its Boxing Federation President?,National
Which edition of the Raising Day Parade of the BSF was celebrated in Jodhpur, Rajasthan on 8th December 2024?,National
Where was the seventh Missile Cum Ammunition Barge (LSAM 14) launched?,Defence
What is the primary aim of the European Space Agency's (ESA) Proba-3 mission, which will be launched by ISRO via PSLV-C59?,Defence
Which country has become Africa's largest investor, with Emirati companies announcing $110 billion in projects between 2019 and 2023, including $72 billion in renewable energy?,International
Under which scheme did the government provide grants of ₹50 lakh each to two start-ups focusing on sustainable and medical textiles?,National
What is the record net worth achieved by Elon Musk, as per the Bloomberg Billionaires Index?,Index and ranking
Nat Sciver-Brunt has recently smashed fastest women's test century. Who held the previous record for the fastest Women's Test hundred before Nat Sciver-Brunt?,Sports
What is the name of the nationwide campaign that was launched during the 4th Good Governance Week on 19th December, 2024?,National
Which organization launched the Tiara Credit Card for women?,Banking
Which country contributed the highest Foreign Direct Investment (FDI) into India during July-September 2024, accounting for 50% of the total inflows?,Economy,General
Which military exercise is being held in Nepal with participation from India and Nepal armies in December 2024-January 2025?,International
In which city is the FIFAe World Cup 2024, featuring eFootball, scheduled to be held?,Sports
With which bank has Department for Promotion of Industry and Internal Trade (DPIIT) signed an MoU to empower startups and foster innovation?,Index and ranking
Which country's astronauts broke NASA's spacewalk record by completing a 9-hour EVA outside the Tiangong space station?,International
Which organization has partnered with boAt to mentor and support startups in the D2C and manufacturing sectors?,National
Which country recently unveiled the CR450 prototype, the world's fastest high-speed train?,International,Science and Tech
What is the primary objective of the 'Track and Trace Mechanism' approved by the GST Council in December 2024?,National
India has set up its first diabetes biobank in Chennai. Which two organizations collaborated to set up India's first diabetes biobank?,National
Who has been named TIME's 2024 Person of the Year?,Awards
Who became the first Indian to win an FIA Formula 2 Constructors' World Championship, achieving five podiums and claiming India's first F2 pole position in 2024?,Sports
How many total medals did the Indian team win at the Asian Youth and Junior Weightlifting Championships 2024 and where did it take place?,Sports
Which of the following statements is correct regarding the Kisan Kavach anti-pesticide bodysuit launched by Dr. Jitendra Singh?,National
Which English news channel won the 'Best News Channel (English)' award at the ITA Awards 2024?,Awards
Which village in Gujarat has become India's first solar border village?,State
Which country has been awarded the hosting rights for the ISSF Junior Shooting World Cup 2025?,Awards
What is the name of the book launched by Dr. Dinesh Shahra that is based on Dalai Lama's teachings on happiness, well-being, and spiritual growth?,Book and art
Who has recently been appointed as the Chief Vigilance Officer (CVO) of Bharat Electronics Limited (BEL)?,Appointment
Which actor featured in the new brand campaign of Canara HSBC Life Insurance?,Banking
What is the total outlay approved by the Ministry of Tourism for 40 projects under the Special Assistance to States/Union Territories for Capital Investment (SASCI) guidelines?,National
SLINEX (Sri Lanka-India Exercise) was recently conducted in December 2024. When was it first held?,International
Who has been appointed as the Chief Financial Officer (CFO) of Oil India Limited (OIL)? (December 2024),Appointment
Which country successfully tested the Long-Range Hypersonic Weapon (LRHW) in 2024?,Defence
How many Sewer and Septic Tank Workers (SSWs) have been identified under the NAMASTE scheme by December 2024?,National
In which state has the Ratapani Tiger Reserve, India's 57th tiger reserve, been notified, 17 years after its approval by the National Tiger Conservation Authority?,State
Which manufacturer unveiled the BD475-2 Dozer, India's biggest and most advanced crawler dozer?,Defence
How much money did NaBFID raise through 15-year bonds at a 7.25% cut-off rate?,Banking
Which company did Elon Musk’s X partner with to begin its financial services push?,International
Which ship, under the "Navika Sagar Parikrama II" mission, crossed Point Nemo?,National
What is the name of the SuperApp launched by Indian Railways for seamless travel?,National
What is the name of the international alliance launched by India for conserving 7 big cats?,National
Which state in India launched the 'Chocolate War' campaign to tackle opium cultivation?,State
Where has India’s first White Tiger Breeding Centre been approved?,State,National
Who was awarded the Sahitya Akademi Award 2024 in Dogri for the book 'Ik Hor Ashwthama'?,Awards
Which team won the Men’s Hockey India League 2024-25 title?,Sports
What was the cut-off rate at which NaBFID raised funds via 15-year bonds?,Banking
What is the main proposal of RBI regarding Indian banks' websites?,Banking
What milestone has India achieved in solar energy capacity?,National
How many claims did EPFO settle in FY25?,Banking
Which country has banned multiple entry visas for 14 nations, including India?,International
Which company has collaborated with Yes Bank to provide financial services?,Banking
Which app became the world's second most downloaded food & drink app?,Index and ranking
Which mysterious exoplanet was confirmed to be 12 times bigger than Jupiter?,Science and Tech
Which mission is ISRO planning to launch in 2027?,Science and Tech
NPCI has proposed a hike in ATM interchange fees. What does NPCI stand for?,Banking
IOB has joined a global partnership for carbon accounting. What does IOB stand for?,Banking
HDFC Bank Parivartan Start-Up Grants will support over how many startups with ₹20 crore?,Banking
How many peacekeepers and Nobel Laureates attended Dubai’s Global Justice Summit?,International
Which UN organization did Donald Trump withdraw the US from?,International
How much is the deal worth that the Ministry of Defence signed to boost the army's firepower?,Defence
India ranks 3rd in which global list for 2024?,Index and ranking
Where is the 1st BIMSTEC Youth Summit being held?,National
How many times has FIFA suspended Pakistan Football Federation since 2017?,Sports
Who won the historic bronze medal in archery at the 38th National Games 2025?,Sports
What is the new initiative by SEBI aimed at improving market safety?,Banking
Which Indian bank has expanded its AI-based Amitabh Bachchan avatar?,Banking
What new security feature has RBI introduced for international transactions?,Banking
What event is being held to celebrate the 75th anniversary of the National Sample Survey (NSS)?,National
What extension was approved by the Cabinet regarding the National Commission for Safai Karamcharis?,National
What new weapon system has been introduced by the US Navy?,General
When did the President of the 79th Session of the UN General Assembly, H.E. Mr. Philemon Yang, visit India?,International
What exercise was conducted by the Indian Army and IAF in the Eastern Theater?,International
Who became India’s second oldest ODI debutant?,Sports
Which former Sri Lankan captain announced his retirement after playing his 100th Test match?,Sports
Which country, along with India, has completed two years of the Economic Cooperation and Trade Agreement (ECTA), aiming to reach AUD 100 billion in trade by 2030?,International
Who has been appointed as the new CEO of DBS Bank India effective March 1, 2025?,Appointment
Which bank has launched a TAB-based digital onboarding process for NRIs to open NRE and NRO accounts?,Banking
Where was the 'Pujari Granthi Samman' scheme launched?,National
What is the primary focus of Grameen Bharat Mahotsav 2025?,National
Which bank launched the "Har Ghar Lakhpati" RD and "Patrons" FD schemes?,Banking
RBI is injecting Rs 2.5 lakh crore to enhance liquidity in the banking system. What is the primary purpose of this action?,Banking
Which company announced the receipt of the TPAP license from NPCI for RediffPay?,Banking
Who co-chaired the Artificial Intelligence (AI) Action Summit held in France?,International
What is the name of the upgraded Hindustan Jet Trainer (HJT) 36 unveiled by HAL at Aero India 2025?,Defence
Which country launched 'Operation Devil Hunt' after former minister's supporters resisted 'vandalism'?,International
What rank did India achieve in the Corruption Perceptions Index 2024?,Index and ranking
Who addressed the inaugural session of the India Energy Week 2025?,National
When will the 3rd Kashi Tamil Sangamam take place?,National
Which film won the NETPAC Award at the International Film Festival of Rotterdam?,Awards
Which country’s students won the Bronze at the Global M-Gov Awards 2025?,Awards
What is the theme of the RBI's Financial Literacy Week (FLW) 2025?,Banking
What is the name of the new NR Savings account variant launched by Federal Bank?,Banking
What is the name of the new payment mechanism introduced by IRDAI for premium payments?,Banking
Who inaugurated the Inland Waterways Terminal (IWT) at Jogighopa?,Inauguration
Which two countries are enhancing cooperation in maintaining Sukhoi-30 (Su-30) combat aircraft fleets?,Defence
Where was the School of Ultimate Leadership (SOUL) Leadership Conclave 2025 inaugurated?,Inauguration
What is the revised amount for the fixed deposit under the Dulari Kanya Scheme for institutional births of girl children in Arunachal Pradesh?,National,State
Who has been granted an extension of tenure as the Drug Controller General of India (DCGI)?,Appointment
Where will the 72nd edition of the Miss World pageant be held?,International,State
What was the previous amount of the fixed deposit for institutional births under the Dulari Kanya Scheme before it was raised?,National
What is the main objective of the Bhoo Kanoon (Land Law Amendment Bill) in Uttarakhand?,State
What is the theme of the 9th edition of the Asia Economic Dialogue (AED) 2025?,International
Where is the international art exhibition "Topographies of Tents, Terracotta, and Time" being held?,International,State
Which new bat coronavirus was discovered by researchers in China?,International
What is the revised GDP growth forecast for India in FY25, as per the State Bank of India (SBI)?,Economy
Which country is India enhancing its media ties with ahead of WAVES 2025?,International
India’s first zoo-based wildlife biobank is established in which zoo?,National
Which ministry co-hosted the 9th edition of the Asia Economic Dialogue (AED) 2025?,National
What significant feature does the Bhoo Kanoon (Land Law Amendment Bill) introduce for land transactions in Uttarakhand?,State
Which organization launched the new advanced IT incubation centre in Salt Lake, Kolkata?,Science and Tech,State
What is the main objective of the training program between India’s NCGG and Sri Lanka’s SLIDA?,International
Who became the first Indian American FBI Director?,Appointment
Which ESA astronaut with a prosthetic leg was approved for space missions?,Science and Tech
Which company introduced the Majorana 1 quantum chip?,Science and Tech
Where is the proposed Aravali Safari Park located?,State
What is the goal of the Aravali Safari Park project?,General
Which conference was held in Udaipur with the theme "India@2047 – A Water Secure Nation"?,National
Where did the first Conference for Women Peacekeepers, themed "Women in Peacekeeping: A Global South Perspective," take place?,International
What was the penalty imposed on Axis Securities by SEBI for regulatory violations?,Banking
Which state launched a witness protection scheme to ensure the safety of witnesses?,State
Who was appointed as the ‘Principal Secretary-2’ to Prime Minister Narendra Modi after serving as RBI Governor?,Appointment
What day has Bangladesh officially declared as Military Martyrdom Day?,International
Who won the 71st Senior National Men’s Kabaddi Championship?,Sports
Who became the fastest batter to reach 14,000 runs in ODI cricket?,Sports
Which company introduced the Bima-ASBA facility for premium payments?,Banking
Which company partnered with ASI to restore and protect historic water bodies in India?,National
Which Indian institute developed a self-actuating drug delivery system for rheumatoid arthritis treatment?,Science and Tech
Who is the lead researcher heading the 40-day global expedition in the Ross Sea, a marine protected zone in Antarctica, to assess marine biodiversity, study environmental DNA, and analyze the region's impact on global ocean currents and climate change?,Science and Tech
Which institution launched India's first Cancer Genome Atlas (BCGA) for early breast cancer detection?,Science and Tech
Which team did Uttar Pradesh Men's Kabaddi Team defeat 57-43 to win the gold medal?,Sports
Which team won the inaugural World Pickleball League (WPL) championship, defeating Pune United 3-1 in the final?,Sports
Which architect was recognized as the Best Architect for Luxury Project at the Global Architect Builder Awards 2025?,Book and art
Which country topped the Global Digital Well-Being Index with the highest score in online safety and parental support?,Index and ranking
Which organization released the redefined and augmented Research Verticals & Thrust Areas to enhance research focus in defense technology?,Defence
Which veteran British actor, known for his role as George Roper in Man About the House and George & Mildred, passed away at the age of 92?,Obituary
What is the name of the recently launched scheme designed to enhance agricultural productivity, promote crop diversification, and strengthen post-harvest storage at panchayat and block levels?,National
Which region has been projected by the WHO to witness an 85% increase in cancer cases and deaths by 2050?,International
Where will India open a new Consulate during PM Modi's visit to France in February 2025?,International
Which university's researchers discovered the new phytopathogenic fungus Epicoccum indicum, associated with an emerging leaf spot disease in Chrysopogon zizanioides (vetiver)?,Science and Tech
Which payment system remains the major driver of digital payments in India as per the recent report February 2025?,Banking
Who from Rajasthan has been shortlisted for the USD 1 million GEMS Education Global Teacher Prize 2025?,Awards
Who won the Tata Steel Masters Chess Tournament 2025 by defeating D Gukesh in the tiebreaker?,Awards,Sports
Who became the first Black woman to win the Mrs World title in the competition's 40-year history?,Book and art
By what percentage has India's fruit and vegetable exports increased in the last five years, as per the Ministry of Commerce and Industry?,Economy
Which is the world's largest iceberg that is set to strike South Georgia Island?,International
Which state has been allocated ₹23,778 crore for railway projects in the Budget 2025-26?,State
What is the full form of VSHORAD in the context of DRDO's missile system?,Defence
Recently, Marcus Stoinis has announced his retirement from ODIs, ending a 74-match career. Which country does he hail from?,Sports
Which Indian research institute developed the novel high-entropy alloy (HEA) catalyst for green hydrogen production?,Science and Tech
Where in West Asia is the Medlab Middle East 2025 exhibition being held?,International
Who is the Indian-origin artist who won the Grammy Award for Best New Age, Ambient, or Chant Album in 2025?,Awards
What is the name of the new radio series launched by Akashvani on Basant Panchami to promote Indian classical music?,Book and art
Recently SCO Secretary General holds talks with MEA Secretary, Who is the current Secretary-General of the Shanghai Cooperation Organization (SCO)?,Appointment
Who is organizing WAVES 2025, which will introduce AI solutions for live misinformation detection?,Book and art
Which of the following states has contributed significantly to India's total utility-scale solar installations as per the recent achievement of 100 GW solar power capacity?,State
Where was the National Institute of Electronics and Information Technology (NIELIT) Centre of Excellence in Chip Design inaugurated which is aimed to bolster India's VLSI & semiconductor capabilities?,Science and Tech,National
Which country has decided to end aid programs for Bangladesh, Albania, and Zambia due to a reduced foreign aid budget?,International
Which South-East Asian country declared a food security emergency to curb soaring rice prices in 2025?,International
What was the theme of World Wetlands Day 2025 celebrated at Parvati Arga Ramsar Site in Gonda, Uttar Pradesh?,International
What is the venue for the 9th Asian Winter Games 2025?,Sports
Recently government has said 864 km of India-Bangladesh border yet to be fenced in loksabha, Which force is responsible for guarding the India-Bangladesh border?,National
How much did India contribute to the United Nations Regular Budget for the year 2025?,International
Which country became the first in Africa to eliminate onchocerciasis (river blindness) as a public health problem?,International
Former world number one and two-time Grand Slam winner Simona Halep announced her retirement from professional tennis in February 2025. Which country does she hail from?,Sports,International
Which project led to the creation of a new map of the Arctic Ocean, revealing an area twice the size of France and six times the size of England?,International
Which country announced a 25% retaliatory tariff on American imports in response to U.S. trade policies?,International
Recently, Digi Yatra app user base has crossed 10 million+ with 30,000 daily downloads. The app was launched in which year?,National
On which date was the PM Internship Scheme launched?,National
Which country's mission successfully demonstrated artificial photosynthesis in space?,International,Science and Tech
How much funding has been allocated for the Samudrayaan Mission in the Union Budget?,National
Which country will host the BRICS Youth Council Entrepreneurship Working Group Meeting in March 2025?,International
Who has been appointed as the Additional Director General, Directorate General of Foreign Trade (DGFT), as of February 2025?,Appointment
Marcus Stoinis, who recently announced his retirement from ODIs ahead of the Champions Trophy, represents which country in international cricket?,Sports,International
Who has been awarded the Sahitya Akademi Award 2024 in Dogri literature?,Awards
Which of the following groups of sites were newly added as Ramsar sites in India, bringing the total to 89?,National
What is the name of NASA's new space telescope set to launch in February 2025, which aims to survey the entire sky in 102 infrared colors?,Science and Tech,International
Which country recently passed strict hate crime laws, imposing a minimum 12-month jail term for public Nazi salutes and up to six years for terror-related hate crimes?,International
What is the name of Zomato's AI-powered, no-code customer support platform designed to help businesses scale their operations?,Science and Tech
What is India's rank among the top 10 countries most affected by extreme weather events over the last three decades (1993-2023), as per the Climate Risk Index (CRI) published by Greenwatch?,Index and ranking
Which company ranked 2nd globally in the FutureBrand Index 2024, ahead of brands like Apple and Nike?,Index and ranking
Who is the richest woman in the world in 2025, according to the Forbes Billionaire List?,Index and ranking
Who has been appointed as the new Chief Election Commissioner (CEC) of India in February 2025?,Appointment
Which organization launched the "Imagine a world with more women in science" campaign marking the 10-year anniversary of the International Day of Women and Girls in Science.?,International
What technology collaboration between the Ministry of Telecommunications (DoT) and International Telecommunication Union (ITU) was focused on in their recent agreement in February 2025?,Science and Tech
Who is set to take oath as the Chief Minister of Delhi after winning the Shalimar Bagh seat in the recent Assembly election?,Appointment
The Government of Tamil Nadu celebrates Thiruvalluvar Day in honor of the poet Thiruvalluvar?,State
Which two films led the BAFTA 2025, each winning 4 awards?,Awards
Who has been appointed as the Deputy Secretary in the Department of Expenditure under the Central Staffing Scheme?,Appointment
The Reserve Bank of India (RBI) announced that 20 non-banking financial companies have surrendered their certificates of registration. What is the main reason behind the surrender of certificates?,Banking
Where will the sixth edition of the India-Japan joint military exercise Dharma Guardian 2025 be held?,International
Which bank became the first in India to implement compliance for the Digital Personal Data Protection Act (DPDP Act) 2023?,Banking
Who was elected as the new Prime Minister of Vanuatu in February 2025?,Appointment
Who has been appointed as the Chief Executive Officer of Standard Chartered India, effective April 1, 2025?,Appointment
The Reserve Bank of India (RBI) has penalized Nainital Bank, Ujjivan Small Finance Bank, and Shriram Finance with fines totaling ₹68.1 lakh for non-compliance with various banking regulations. How much was the Nainital Bank fined by the RBI?,Banking
What is the objective of ISRO's development of the world's largest 10-tonne vertical planetary propellant mixer, created in collaboration with the Central Manufacturing Technology Institute?,Science and Tech
Which institution has the Supreme Court appointed to prepare a plan for improving Delhi's green cover?,National
China has approved the construction of a deepwater research facility that will be located at a depth of ____________ below the ocean surface in the South China Sea?,International
What is the name of the indigenous semiconductor chip developed by ISRO and IIT Madras for space-based applications?,Science and Tech
At which port did India's Matsya-6000 submersible successfully complete its wet tests, moving closer to the 500m shallow-water trials by 2025 as part of the Samudrayan Project under the Deep Ocean Mission?,National
What is the theme of the first-ever Regional Dialogue on the Global Coalition for Social Justice, scheduled for February 24-25, 2025, in New Delhi?,National
Where was India's first vertical bifacial solar plant inaugurated by the Union Minister for Housing and Urban Affairs and Power Manohar Lal?,National
Which state ranked first in the Devolution Index Report 2024 released by Union Minister of State for Panchayati Raj, S.P. Singh Baghel?,State
Who has been appointed as the captain of Royal Challengers Bengaluru (RCB) for IPL 2025?,Appointment
Who topped Bloomberg's list of Asia's 10 richest families?,Index and ranking
Which two companies have formed a joint venture for manufacturing the HAMMER precision-guided weapon in India?,Defence
Which scheme has been extended to 2025-26 with the provision of 100% pulse procurement for the next four years?,National
Which state government signed an MoU with the Swiss-Indian Chamber of Commerce to foster international business collaboration during the Global Investors 2025?,State,MoU
Who was honored with the 2024 Hurun Industry Achievement Award for Financial Solutions Innovation?,Awards
In which Indian state was President's Rule imposed in February 2024 following the resignation of Chief Minister N Biren Singh?,State
Who has been named the event ambassador for the ICC Champions Trophy 2025 from India?,Sports
Who has been nominated as the U.S. Assistant Secretary of State for South Asian Affairs, replacing Donald Lu?,Appointment
To which country did India send its first-ever sea shipment of pomegranates?,International
Which two ministries signed an MoU to enhance geriatric healthcare and tackle substance abuse?,MoU
Which ministry is organizing the Aadi Mahotsav 2025, from February 16 to 24, 2025, at Major Dhyan Chand National Stadium, New Delhi?,National
Which organizations launched the 'AI for Entrepreneurship' initiative to train 1 lakh youth?,National
Who was confirmed as the U.S. intelligence chief in February 2025?,Appointment
What is the name of the newly approved vaccine for Lumpy Skin Disease (LSD) in cattle developed by Biovet (Bharat Biotech group)?,Science and Tech
Which company partnered with Garuda Aerospace to develop indigenous UAVs at Aero India 2025?,Defence
Who set the new Indian national record in the indoor men's 3000 metres in 2024 and clinched the silver medal?,Sports
What is the maximum health insurance coverage provided under the Ayushman Bharat Vay Vandana Scheme for senior citizens?,National
Who was honored with the Vishalakshi Award 2025 for her contributions to education?,Awards
Which company won the Forward Faster Sustainability Award 2025 in the Water Resilience category?,Awards
Which country's space organization developed the world's largest 10-tonne propellant mixer for rocket motors?,Science and Tech
Who was recently awarded the Most Excellent Order of the British Empire (MBE) for contributions to UK-India business relations?,Awards
Which organization launched the J. C. Bose Grant (JBG) to support senior Indian scientists and engineers in advancing research?,National
What is the theme of World Radio Day 2025?,International
What is the full form of the NAKSHA program that aims to create and update land records in urban areas?,National
What is the total prize money announced for the 2025 ICC Champions Trophy?,Sports
Which defense system is being collaborated on between Swedish defense firm Saab and Hindustan Aeronautics Limited (HAL) as per their recent MoU?,Defence,MoU
Which power station won the 1st prize for official language implementation at the Regional Official Language Conference in Jaipur?,National
Who set the half-marathon world record by finishing in 56 minutes, 42 seconds at the World Athletics Gold Label race in Barcelona?,Sports
What is the name of the digital transaction banking platform launched by Federal Bank for corporate and SME customers on January 2, 2025?,Banking
Which country received $5 lakh relief assistance from India for rehabilitation after a 7.4 magnitude earthquake in December 2024?,International
What is the amount approved by the Cabinet Committee on Economic Affairs (CCEA) for the revival of Rashtriya Ispat Nigam Limited (RINL)?,Economy
What is India's current rank in terms of the largest metro network in the world?,Index and ranking
Which contingent won the Best Marching Contingent (CAPFs/auxiliary forces) in the People's Choice Category during the Republic Day Parade 2025?,Awards
Who has been given the additional charge as Secretary of the Ministry of New and Renewable Energy (MNRE)? (Jan 2025),Appointment
What is the primary purpose of the RBI's decision to infuse Rs 1.1 lakh crore liquidity into the banking system?,Banking
The Open Network for Digital Commerce (ONDC) initiative was incorporated as a non-profit, Section-8 company and incubated at the ______.,National
Who has been appointed Director of the Liquid Propulsion Systems Centre (LPSC) in January 2025?,Appointment
Which traditional Bosnian art form was added to UNESCO's National Inventory of Intangible Cultural Heritage in December 2024?,Book and art
India ranks 4th in the Global Firepower Index 2025. Which country tops the Global Firepower Index 2025?,Index and ranking
Who has been appointed as the Director General (DG) of the Directorate General of Civil Aviation (DGCA) as of January 3, 2025?,Appointment
What is the projected real GDP growth rate for India in FY25 according to the National Statistics Office (NSO)?,Economy
What is the key objective of the Aircraft Leasing Bill approved by the Indian government in 2024?,National
Which state signed a Memorandum of Understanding (MoU) with the State Bank of India (SBI) and Union Bank of India (UBI) to offer insurance benefits to its government employees on January 1, 2025?,State,MoU
On January 13, 2025, the rupee experienced its steepest drop in two years, closing at ________ against the dollar.,Economy
Who will be the Chief Guest at India's 76th Republic Day celebrations in 2025?,National
Who has been reappointed as Ireland's Prime Minister (Taoiseach) for the second time in January 2025?,Appointment
Who has been sworn in as the 25th Governor of Mizoram? (Jan 2025),Appointment
Who has been appointed as an independent observer for Chandigarh's mayoral election on January 30?,Appointment
How much did UPI process in terms of transactions in December 2024?,Banking
The State Bank of India (SBI) launched a TAB-based online facility for opening which types of accounts for Non-Resident Indians (NRIs) on January 2, 2025?,Banking
Who has been appointed as the Ombudsman and Ethics Officer of the Board of Control for Cricket in India? (January 2025),Appointment
Which of the following e-auction portals was launched by Nagaraju Maddirala, Secretary of the Department of Financial Services (DFS), on January 3, 2025?,Banking
What is the name of the Pakistani satellite launched into space by China in January 2025?,International
The newly inaugurated Sonamarg Tunnel by PM Modi ensures all-weather road connectivity between which two locations in Jammu and Kashmir?,National
Which bank launched the 'Har Ghar Lakhpati Recurring Deposit (RD) scheme' and the 'SBI Patrons Fixed Deposit (FD) scheme' on January 3, 2025?,Banking
Which team won the inaugural Women's Hockey India League title?,Sports
On January 1, 2025, which organization celebrated its 67th Foundation Day in New Delhi?,Defence
According to the Oxfam report, how much wealth was extracted from India by the UK between 1765 and 1900, in today's value?,Index and ranking
What is the name of the first Artificial and Emotional Intelligence-driven fashion forecasting platform, developed under the Ministry of Textiles?,Science and Tech
Who has been honoured with the RK Srikantan Trust Award at the Sankranti Music Festival in Bengaluru?,Awards
Which start-up successfully tested UHF communication technology via SwetchaSat on ISRO's POEM-4 platform?,Science and Tech
The Ministry of Youth Affairs and Sports has announced the National Sports Awards 2024. Four sportspersons have been conferred with the Major Dhyan Chand Khel Ratna Award. Who among the following is not one of the four sportspersons?,Sports
Who has been appointed as the Director General of the Bureau of Police Research and Development (BPR&D) in January 2025?,Appointment
Which app was launched by Defence Minister Rajnath Singh during the 77th Army Day celebrations to promote battlefield tourism?,Defence
What is the title of the legislation recently passed by the US House to bar transgender athletes from women's sports at federally funded schools, defining sex by birth biology?,International,Sports
Who launched Phase 4 of the National Educational Alliance for Technology (NEAT 4.0) in January 2025?,National
What is the projected growth rate for India's economy over the next two fiscal years (2025-2027) according to the World Bank?,Economy
What was the name of the indigenously developed docking system used by ISRO to successfully dock satellites SDX01 and SDX02?,Science and Tech
Who is the recipient of the Gangadhar National Award for Poetry 2023?,Appointment
At which forum did Piyush Goyal launch the 'Bharat Cleantech Manufacturing Platform,' aimed at boosting solar, wind, hydrogen, and battery sectors, and positioning India as a global leader in clean energy manufacturing?,National
The Nag Mk 2, a _____-generation Fire-and-Forget Anti-Tank Guided Missile, successfully completed field trials at Pokhran Field Range, achieving targets at both maximum and minimum ranges.,Defence
Which report stated that India's poverty rate fell below 5% in 2024, with rural poverty at 4.86% and urban poverty at 4.09%?,National
Which year has the Ministry of Defence designated as the 'Year of Reforms' to modernize the Armed Forces?,Defence
Who is the author of the book "Parliament: Powers, Functions & Privileges"?,Book and art
Under which scheme has the Rural Development Ministry approved 56 watershed development projects worth ₹700 crore, covering approximately 2.8 lakh hectares across 10 states?,National
Which country is experiencing an outbreak of human metapneumovirus (HMPV)?,International
Where was the foundation stone for the new Central Ayurveda Research Institute building laid by PM Modi?,National
Where was the closing event of the "Hamara Samvidhan Hamara Swabhiman" campaign organized?,National
In September 2024, India surpassed which milestone in renewable energy capacity?,National
What is the name of the advanced battlefield surveillance system launched by Defence Minister Rajnath Singh in January 2025 to boost the Indian Army's reconnaissance capabilities?,Defence
Which contingent won the Best Marching Contingent (CAPFs/auxiliary forces) award in the Republic Day Parade 2025?,Awards
Which app was launched by Union Minister Jyotiraditya Scindia to enhance telecom security and accessibility for citizens?,National
Which country is home to the Tianshan Shengli Tunnel, the world's longest expressway tunnel?,International
Which mission by Digantara aims to enhance India's space domain awareness with precise object tracking and imaging in Low Earth Orbit?,Science and Tech
Which Indian organisation has bagged Subhash Chandra Bose Aapda Prabandhan Puraskar for disaster preparedness in January 2025?,Awards
Who has been appointed as the Secretary of the Department of Higher Education, Ministry of Education?,Appointment
What is the name of the solution adopted by Punjab National Bank for real-time cybercrime complaint management?,Banking
What is the name of the Indian Army's Motorcycle Rider Display Team that set a new world record with a 20.4-foot-high human pyramid comprising 40 men on 7 motorcycles, traveling 2 kilometers along Kartavya Path?,National
Where did the 18th 'Suryakiran' military exercise between India and Nepal commence?,International
Which Union Territory topped the medal tally in the Khelo India Winter Games (KIWG) 2025?,Sports
Which edition of National Voters' Day was observed on January 25?,National
Who has been selected for the Ayyan Thiruvalluvar Award for 2025, announced by the Tamil Nadu government?,Appointment
Who was elected as the President of Lebanon in January 2025, ending a two-year power vacuum?,Appointment
What is India's global rank in terms of the largest start-up ecosystems as of January 2025?,Index and ranking
What is the name of the newly launched platform for managing business and organizational documents?,National
Who won the gold and broke the national record in the women's 60m indoor hurdles at the Meeting de Nantes Métropole 2025?,Sports
Who has been reappointed as the MD & CEO of IDBI Bank for another three-year term starting March 19, 2025?,Appointment
Who inaugurated the ISKCON Temple at Kharghar, Navi Mumbai?,Inauguration
Which of the following statements is true about veteran nuclear scientist Rajagopala Chidambaram, who recently passed away?,National
Which two organizations partnered to foster innovation and strengthen the startup ecosystem in India?,National
Which recently published biography explores the life and legacy of iconic Bengali actor Soumitra Chatterjee?,Book and art
Which one of the following warships is NOT part of the Indian Navy's Republic Day parade tableau?,National
Which service will Amit Shah inaugurate at 7 airports in January 2025 for seamless international travel?,Inauguration
Which Union Minister released the 6th edition of the 'Logistics Ease Across Different States (LEADS) Report' on January 3, 2025?,Book and art
By which year is India aiming to end tuberculosis (TB) under the national TB control initiatives?,National
Which organization is conducting the National Science Drama Festival 2024-25?,National
Which platform is providing multilingual access in 11 languages at Mahakumbh Prayagraj 2025?,National
Who has been appointed as the chairperson of the Athletics Federation of India's (AFI) Athletes Commission?,Appointment
Who has been appointed as the officiating Director General of the CRPF following the retirement of Anish Dayal Singh?,Appointment
Whom did Gukesh Dommaraju defeat in a 72-move marathon match at the Tata Steel Chess 2025?,Sports
Which steel organization received the 'Great Place to Work' certification by the Great Place to Work Institute for the period January 2025 to January 2026?,Awards
Which state has the highest number of schools with zero enrollment according to the UDISE+ Report for 2023-24?,Index and ranking
The Indian Space Research Organisation (ISRO) is preparing to conduct its 100th rocket launch from the Satish Dhawan Space Centre in Sriharikota on January 29. What is the name of the 100th rocket launch satellite by ISRO?,Science and Tech
Who was recently listed in the World Book of Records for his contributions as a political analyst and psephologist?,Index and ranking
Which two Indian cities were recently added to the Global Wetland Cities list for integrating wetland preservation into their urban plans?,National
Which authority is responsible for registering Local Cable Operators (LCOs) under the amended Cable Television Network Rules, 1994?,National
After the creation of two new Reserve Battalions, what will be the total number of CISF battalions?,National
Who was recently honored with the Singapore Honorary Citizen Award for strengthening India-Singapore bilateral relations?,Awards
Which company introduced a dedicated Post-Retirement Benefit (PRB) Cell to streamline post-retirement services for its employees?,National
Which countries are participating in the 4th edition of Exercise La Perouse in which INS Mumbai, an indigenously built destroyer, is also participating?,International
Which organization expanded its fellowships to include non-scientists in its 2025 Fellow list?,National
ISRO has successfully maneuvered the Chaser and Target satellites to a 3-meter range under which programme, aimed at testing the indigenous Bharatiya Docking System?,Science and Tech
When will the first Lokpal Day be celebrated?,National
Which automobile manufacturer launched the first locally produced iX1 Long Wheelbase electric SUV?,Science and Tech
The RBI has constituted a committee for the Framework on Responsible and Ethical AI (FREE-AI) in the financial sector, chaired by ________, to ensure ethical adoption, governance, and risk management.,Banking
Which Indian institution ranked 99th in computer science in THE World Rankings 2025, marking the first time an Indian institution has been in the global top 100 for this subject?,Index and ranking
Who has won Best Performance by a Male Actor in a Limited Series, Anthology Series, or a Motion Picture Made for Television at the Golden Globe Awards 2025?,Awards
The Cabinet approved setting up the 8th Pay Commission to revise the salaries of central government employees and pensioners. How many employees and pensioners will be affected by it?,National
Which renowned botanist, known for translating Hortus Malabaricus into English and Malayalam, passed away at 86?,Obituary
With which organization did the Financial Intelligence Unit-India (FIU-IND) sign an MoU on January 6, 2025, to enhance cooperation in combating money laundering?,MoU
Which country is hosting the 1st International Pashmina Festival to promote "Chyangra Pashmina"?,International
What is the name of the joint venture announced by Trump for AI infrastructure development?,Science and Tech
Which state has topped the Fiscal Health Index (FHI) 2025 ranking launched by NITI Aayog?,Index and ranking,State
What is the slogan for the UAE's 2025 "Year of Community" initiative announced by President Sheikh Mohamed bin Zayed Al Nahyan?,International
How many Arjuna Awards for outstanding performance in Sports and Games were announced in 2024?,Awards
The Reserve Bank of India (RBI) has approved the voluntary amalgamation of The National Co-operative Bank Ltd., Bangalore, with ________, effective from January 06, 2025.,Banking
Which veteran filmmaker will receive the Padmapani Lifetime Achievement Award at the Ajanta-Ellora International Film Festival 2025?,Awards
Which countries officially became full members of the Schengen Border-Free Zone on January 1, 2025?,International
What is the theme of the 15th edition of Asia's biggest aero show, Aero India 2025?,International
Who won the men's and women's singles titles at the 2025 Australian Open?,Sports
Which project do INS Vaghsheer belong to?,Defence
Which satellite is ISRO set to launch to enable direct smartphone voice calls from space?,Science and Tech
The Department of Administrative Reforms and Public Grievances has released the scheme guidelines for the National e-Governance Awards 2025. The Awards will consist of a Trophy, Certificate, and an incentive of Rs. ______ for Gold Awardees and Rs. ______ for Silver Awardees.,National
Name the initiative launched to empower elected women representatives from Panchayati Raj institutions:,National
Who was sworn in as a Supreme Court judge on January 16, 2025?,Appointment
Who among the following has been elected as a board member of the Marylebone Cricket Club (MCC) Advisory Board in January 2025?,Appointment
Who has been appointed as the Chairman and Managing Director (CMD) of the Food Corporation of India (FCI)? (January 2025),Appointment
India became an observer state in which international programme focused on intelligence, surveillance, and reconnaissance?,International
The Faral Sakhi Initiative, launched by the Mira Bhayandar Municipal Corporation in collaboration with the Women Entrepreneurship Platform (WEP) of NITI Aayog, aims to empower women entrepreneurs by providing training and support for which of the following activities?,National
Which organization has given preliminary consent to sponsor the 38th National Games being hosted by Uttarakhand?,National
Which sector in India was the most affected by cyberattacks in 2024, according to CloudSEK's Threat Landscape Report?,Science and Tech
Name the India's OTT aggregator with which has BSNL partnered and launched IFTV Pilot in order to bolster inclusive digital connectivity and entertainment for every Indian in UP East?,National
Who has been appointed as the Chief Executive Officer (CEO) of NASSCOM Foundation with immediate effect from January 2, 2025?,Appointment
Which space agency successfully germinated black-eyed pea seeds in space under the CROPS-1 mission?,Science and Tech
Which renowned Sanskrit scholar, honored with Padma Shri and Knight of the Legion of Honour, passed away in December 2024?,Obituary
What is the primary goal of the Indian Sustainable Natural Rubber (iSNR) initiative?,National
Nepal launched the 'Child Marriage Free Nepal' campaign with support from Indian and Nepalese organizations. Who led the 'Child Marriage Free Nepal' campaign along with child rights activists?,International
Which country became the 10th full member of BRICS in January 2025?,International
Which initiative was launched by Shri Jayant Chaudhary to empower underserved communities through skill development?,National
From which age bracket did the NFHS 4 data reveal about 5% of women undergoing hysterectomy?,National
"Lake Turkana" is the largest desert lake in the world, it is situated in which of the following countries of the world?,International
What is India's total export value during April-December 2024, and what is the percentage growth compared to the previous period?,Economy
Which actor has been appointed as the first Brand Ambassador for FICCI Frames?,Appointment
What is the theme of the Grameen Bharat Mahotsav 2025?,National
Which organization received Foreign Contribution Regulation Act (FCRA) approval from the Union Ministry of Home Affairs for receiving foreign funds?,National
Which country unveiled its first national autism strategy with AU$42.3 million in funding, aiming to improve inclusion and support for autistic individuals, focusing on education, employment, and diagnostic reforms?,International
By which year does India aim to achieve 500 gigawatts of non-fossil fuel-based energy capacity?,National
Renowned filmmaker Arun Roy, best known for his critically acclaimed films Bagha Jatin (2023) and Hiralal (2021), passed away at the age of 56. In which language did director Arun Roy primarily make his films?,Obituary
What is the primary objective of the recently launched 'PLI Scheme 1.1' for the steel industry?,National
What is the total expenditure approved by the Union Cabinet for the establishment of the Third Launch Pad (TLP) at ISRO's Satish Dhawan Space Centre, and within how many months is the project expected to be completed?,National
Under the National Health Mission (NHM) from 2021 to 2024, how many additional healthcare workers were employed?,National
